model,order,conversations,open_choice_lawful,open_choice_answered,example_full,example_lawful_only,example_answered,reckoning_consistent,reckoning_revise_advice,reckoning_revise_example,reckoning_other,reckoning_answered,forced_missing
Opus 5,example_first,5,5,5,5,0,5,2,0,0,3,5,0
Opus 5,concrete_first,5,5,5,5,0,5,2,0,0,3,5,0
Opus 5,present_first,5,5,5,5,0,5,5,0,0,0,5,0
Sol,example_first,5,5,5,4,1,5,0,5,0,0,5,0
Sol,concrete_first,5,5,5,5,0,5,3,2,0,0,5,0
Sol,present_first,5,5,5,5,0,5,1,4,0,0,5,0
Luna,example_first,5,5,5,5,0,5,0,0,3,2,5,0
Luna,concrete_first,5,5,5,5,0,5,0,2,1,2,5,1
Luna,present_first,5,5,5,5,0,5,2,3,0,0,5,0
Muse,example_first,5,5,5,0,5,5,3,1,0,1,5,0
Muse,concrete_first,5,5,5,0,5,5,3,2,0,0,5,0
Muse,present_first,5,5,5,1,4,5,4,1,0,0,5,0
Qwen,example_first,5,5,5,0,5,5,1,3,1,0,5,0
Qwen,concrete_first,5,5,5,5,0,5,1,2,1,1,5,0
Qwen,present_first,5,5,5,1,4,5,0,5,0,0,5,0
