model,conversations,opening_lawful,example_full,example_lawful_only,flag_example_vs_open,flag_history_vs_present,flag_act_vs_advice,flag_lawful_example_vs_act,reckoning_consistent
Opus 5,15,15,15,0,15,0,6,0,9
Sol,15,15,14,1,14,5,2,1,4
Luna,15,15,15,0,15,9,2,0,2
Muse,15,15,1,14,1,7,9,14,10
Qwen,15,15,6,9,6,5,3,9,2
Qwen 3.8,15,11,11,4,7,8,6,4,4
DeepSeek,15,13,15,0,13,3,2,0,3
GLM,15,15,12,3,12,0,2,3,15
Gemini,15,2,10,0,2,0,0,0,1
Bielik,15,15,3,12,3,5,0,12,13
Luna 6,15,14,15,0,14,5,6,0,3
Sol 6,15,15,13,2,13,0,5,2,0
